[
  {
    "icon": "fa fa-home",
    "slug": "external",
    "title": "Volver al inicio",
    "path": "index.html"
  },  
  { 
    "id": 1,
    "icon": "fa fa-play-circle",
    "slug": "intro",
    "title": "Introducción",
    "breadcrumb": ["Inicio","intro"],
    "path": "pages/intro.html" 
  }, 
  { 
    "id": 1,
    "icon": "fa fa-file-text-o",
    "slug": "aspectos",
    "title": "1. Aspectos generales de la lingüística y comunicación",
    "breadcrumb": ["Inicio","Tema 1"],
    "path": "pages/1-tema.html",    
    "submenu": [
      {
        "icon": "fa fa-file-text-o",
        "slug": "aspectos",
        "title": "1.1 Definición y evolución",
        "anchor": "11"
      },
      {
        "icon": "fa fa-file-text-o",
        "slug": "aspectos",
        "title": "1.2 Funciones de la lingüística",
        "anchor": "12"
      },
      {
        "icon": "fa fa-file-text-o",
        "slug": "aspectos",
        "title": "1.3 Modelos de la lingüística",
        "anchor": "13"
      },
      {
        "icon": "fa fa-file-text-o",
        "slug": "aspectos",
        "title": "1.4  Sociolingüística y enfoques",
        "anchor": "14"
      },
      {
        "icon": "fa fa-file-text-o",
        "slug": "aspectos",
        "title": "1.5 Psicolingüística y modelos",
        "anchor": "15"
      },
      {
        "icon": "fa fa-file-text-o",
        "slug": "aspectos",
        "title": "1.6 Psicolingüística aplicada a la LSC y al español",
        "anchor": "16"
      }
    ]
  },
  { 
    "id": 1,
    "icon": "fa fa-file-text-o",
    "slug": "espanol",
    "title": "2. Niveles de estudio del español",
    "breadcrumb": ["Inicio","tema 2"],
    "path": "pages/2-tema.html",    
    "submenu": [
      {
        "icon": "fa fa-file-text-o",
        "slug": "espanol",
        "title": "2.1 Fonética",
        "anchor": "21"
      },
      {
        "icon": "fa fa-file-text-o",
        "slug": "espanol",
        "title": "2.2 Fonología",
        "anchor": "22"
      },
      {
        "icon": "fa fa-file-text-o",
        "slug": "espanol",
        "title": "2.3 Morfología",
        "anchor": "23"
      },
      {
        "icon": "fa fa-file-text-o",
        "slug": "espanol",
        "title": "2.4 Sintaxis",
        "anchor": "24"
      },
      {
        "icon": "fa fa-file-text-o",
        "slug": "espanol",
        "title": "2.5 Lexicografía",
        "anchor": "25"
      },
      {
        "icon": "fa fa-file-text-o",
        "slug": "espanol",
        "title": "2.6 Semántica",
        "anchor": "26"
      }
    ]
  },
  { 
    "id": 1,
    "icon": "fa fa-play-circle",
    "slug": "lsc",
    "title": "3. Niveles de estudio de la LSC",
    "breadcrumb": ["Inicio","tema 3"],
    "path": "pages/3-tema.html"
  },
  { 
    "id": 1,
    "icon": "fa fa-file-text-o",
    "slug": "habilidades_comunicativas",
    "title": "4. Desarrollo de habilidades comunicativas",
    "breadcrumb": ["Inicio","tema 4"],
    "path": "pages/4-tema.html",    
    "submenu": [
      {
        "icon": "fa fa-file-text-o",
        "slug": "habilidades_comunicativas",
        "title": "4.1 Conceptos",
        "anchor": "41"
      },
      {
        "icon": "fa fa-file-text-o",
        "slug": "habilidades_comunicativas",
        "title": "4.2 Técnicas de comunicación en la expresión del discurso",
        "anchor": "42"
      },
      {
        "icon": "fa fa-file-text-o",
        "slug": "habilidades_comunicativas",
        "title": "4.3 Métodos nemotécnicos, de atención y concentración",
        "anchor": "43"
      }
    ]
  }
]